intkod,korhaz,korhaz2,lat,lon
H695,H695 - ,"Református Dunamenti Kistérségi Diakónia, Majosháza",47.264763,18.9987317
S655,S655 - ,Hospice-Segítő Kéz Alapítvány,47.867156,17.25787
S827,S827 - ,"Országos Mentális, Ideggyógyászati és Idegsebészeti Intézet ",47.518479,19.09909
S908,S908 - ,Szent Damján Görögkatolikus Kórház,48.207827,22.090259
S913,S913 - ,Kazincbarcikai Kórház ,48.25475,20.619219
M753,M753 - Albert Schweitzer Kórház-Rendelőintézet,Albert Schweitzer Kórház-Rendelőintézet,47.671268,19.683757
N581,N581 - Albert Schweitzer Kórház-Rendelőintézet,Albert Schweitzer Kórház-Rendelőintézet,47.671268,19.683757
M132,M132 - Almási Balogh Pál Kft.,Almási Balogh Pál Kft.,48.209288,20.291166
N684,"N684 - Almási Balogh Pál Kórház, Ózd","Almási Balogh Pál Kórház, Ózd",48.209288,20.291166
1894,1894 - Árpád-házi Szt. Erzsébet SzKh. Ri,Árpád-házi Szt. Erzsébet SzKh. Ri,47.6463,18.316183
1122,1122 - Bács-Kiskun Megyei Kórház,Bács-Kiskun Megyei Kórház,46.910476,19.674522
1084,1084 - Bajai Szent Rókus Kh.,Bajai Szent Rókus Kh.,46.174612,18.959485
2873,2873 - Bajcsy-Zsilinszky Kórház és Ri,Bajcsy-Zsilinszky Kórház és Ri,47.478062,19.161342
2425,2425 - Balassa J. Kh. ,Balassa J. Kh. ,46.345691,18.701106
1869,1869 - Batthyány Kázmér SZKH,Batthyány Kázmér SZKH,47.499704,18.024034
1349,1349 - BAZ M-i Kh. és Egyetemi Okt. Kh,BAZ M-i Kh. és Egyetemi Okt. Kh,48.115837,20.790196
R464,R464 - Békés Megyei Központi Kórház,Békés Megyei Központi Kórház,46.663035,20.671487
1248,1248 - Békés Megyei Pándy Kálmán Kórház,Békés Megyei Pándy Kálmán Kórház,46.642251,21.276132
M915,M915 - Betegápoló Irgalmas Rend,Betegápoló Irgalmas Rend,47.515931,19.037167
K718,K718 - Betegápoló Irgalmasrend Pécsi Háza,Betegápoló Irgalmasrend Pécsi Háza,46.075049,18.22869
2392,"2392 - Bonyhád, Kh. Ri. ","Bonyhád, Kh. Ri. ",46.298664,18.526205
R730,R730 - Borsod-Abaúj-Zemplén Megyei Központi Kórház és Egyetemi Oktatókórház,Borsod-Abaúj-Zemplén Megyei Központi Kórház és Egyetemi Oktatókórház,48.115837,20.790196
5092,5092 - Bp-i Módszertani Szoc. Kp. és I. ,Bp-i Módszertani Szoc. Kp. és I. ,47.524953,19.064424
K558,K558 - Bp. XIII.ker.Eü.Szolg.Kh.Np.Kft.,Bp. XIII.ker.Eü.Szolg.Kh.Np.Kft.,47.529429,19.080977
C069,C069 - Budai Irgalmasrendi Kórház,Budai Irgalmasrendi Kórház,47.515931,19.037167
6072,6072 - Budapesti Szent Ferenc Kórház,Budapesti Szent Ferenc Kórház,47.526519,18.976166
M244,M244 - Bugát Pál Kórház Nonp. Kft.,Bugát Pál Kórház Nonp. Kft.,47.788002,19.929846
N682,"N682 - Bugát Pál Kórház, Gyöngyös","Bugát Pál Kórház, Gyöngyös",47.788002,19.929846
2524,"2524 - Celldömölk, Kemenesaljai Kh.","Celldömölk, Kemenesaljai Kh.",47.257706,17.158593
1454,1454 - CSMEK Hódmezővásárhely - Makó,CSMEK Hódmezővásárhely - Makó,46.21641,20.462192
K676,K676 - Csolnoky F.Kh.Np.Zrt,Csolnoky F.Kh.Np.Zrt,47.091299,17.90848
N594,N594 - Csolnoky Ferenc Kórház,Csolnoky Ferenc Kórház,47.091299,17.90848
1601,1601 - Csornai Margit Kórház,Csornai Margit Kórház,47.611042,17.246955
N592,N592 - Deák Jenő Kórház,Deák Jenő Kórház,46.884922,17.441472
R787,R787 - Debreceni Egyetem Kenézy Gyula Egyetemi Kórház,Debreceni Egyetem Kenézy Gyula Egyetemi Kórház,47.53417,21.611974
2894,2894 - Debreceni Egyetem Klinikai Központ,Debreceni Egyetem Klinikai Központ,47.555894,21.626426
N582,N582 - Dombóvári Szent Lukács Kórház,Dombóvári Szent Lukács Kórház,46.383922,18.145093
4712,4712 - Dombóvári Szent Lukács Nonprofit Kft.,Dombóvári Szent Lukács Nonprofit Kft.,46.383922,18.145093
1487,1487 - Dr. Bugyi István Kórház,Dr. Bugyi István Kórház,46.661651,20.255472
1460,1460 - Dr. Diósszilágyi S.Kh.-RI,Dr. Diósszilágyi S.Kh.-RI,46.21641,20.462192
1903,1903 - Dr. Kenessey Albert Kh-Ri,Dr. Kenessey Albert Kh-Ri,48.079691,19.309609
1249,1249 - Dr. Réthy Pál Kórház-Rendelőintézet,Dr. Réthy Pál Kórház-Rendelőintézet,46.682234,21.104086
2878,2878 - Egyesített Szt. István Szt. László Kh,Egyesített Szt. István Szt. László Kh,47.47555,19.092216
2230,2230 - Felső-Szabolcsi Kórház,Felső-Szabolcsi Kórház,48.213158,22.088388
1568,1568 - FM-i Szent György Egyetemi Oktató Kh. ,FM-i Szent György Egyetemi Oktató Kh. ,47.192543,18.439827
2586,2586 - Gr. Esterházy Kh. és Ri.,Gr. Esterházy Kh. és Ri.,47.327217,17.470511
1683,1683 - Gróf Tisza István Kórház,Gróf Tisza István Kórház,47.224979,21.542887
C771,C771 - Hospice Szeretetszolgálat Alapítvány,Hospice Szeretetszolgálat Alapítvány,47.604061,18.369678
2879,2879 - Jáhn Ferenc Dél-Pesti Kh.-Ri,Jáhn Ferenc Dél-Pesti Kh.-Ri,47.423853,19.13199
N596,N596 - Jászberényi Szent Erzsébet Kórház,Jászberényi Szent Erzsébet Kórház,47.493784,19.911172
2095,2095 - Jávorszky Ödön Kh.,Jávorszky Ödön Kh.,47.783385,19.145904
C338,C338 - JNk-Szolnok M-i Eü.Szolg. NKft,JNk-Szolnok M-i Eü.Szolg. NKft,47.157469,20.172157
2324,2324 - JNk-Szolnok M-i Hetényi G. Kh-Ri,JNk-Szolnok M-i Hetényi G. Kh-Ri,47.157469,20.172157
M289,M289 - Jósa András Oktatókh. Np Kft,Jósa András Oktatókh. Np Kft,47.950544,21.729885
1129,1129 - Kalocsai Szent Kereszt Kórház,Kalocsai Szent Kereszt Kórház,46.533033,18.982188
2747,2747 - Kanizsai Dorottya Kórház,Kanizsai Dorottya Kórház,46.452018,16.999272
H275,H275 - Kaposvári Egyetem Eü-i Centrum,Kaposvári Egyetem Eü-i Centrum,46.382847,17.825576
1644,1644 - Karolina Kórház - RI,Karolina Kórház - RI,47.87278,17.26869
2890,2890 - Károlyi Sándor Kórház,Károlyi Sándor Kórház,47.558291,19.10359
2378,2378 - Kátai Gábor Kórház,Kátai Gábor Kórház,47.325444,20.915029
M058,M058 - Kazincbarcikai Kórház Nonprofit Kft.,Kazincbarcikai Kórház Nonprofit Kft.,48.253713,20.618114
N600,N600 - Kenézy Gyula Kórház és Rendelőintézet,Kenézy Gyula Kórház és Rendelőintézet,47.53417,21.611974
K506,K506 - Kenézy Kórház Nonprofit Kft,Kenézy Kórház Nonprofit Kft,47.53417,21.611974
2703,2703 - Keszthelyi Kórház,Keszthelyi Kórház,46.769633,17.250981
1135,1135 - Kiskunfélegyházi VKh. RI. Gyf. és Reh. Kp. ,Kiskunfélegyházi VKh. RI. Gyf. és Reh. Kp. ,46.711398,19.83705
N590,N590 - Kiskunhalasi Semmelweis Kórház,Kiskunhalasi Semmelweis Kórház,46.433044,19.471555
N584,N584 - Komlói Egészségcentrum,Komlói Egészségcentrum,46.188709,18.272125
K526,K526 - Komlói Egészségcentrum Nonprofit Kft.,Komlói Egészségcentrum Nonprofit Kft.,46.188709,18.272125
M436,M436 - Körmendi Egészségügyi Nonprofit Kft.,Körmendi Egészségügyi Nonprofit Kft.,47.01316,16.589342
1630,1630 - Lumniczer Sándor Kh-RI.,Lumniczer Sándor Kh-RI.,47.595058,17.024309
5086,5086 - Magyar Hospice Alapítvány,Magyar Hospice Alapítvány,47.53737,19.036786
2535,2535 - Magyar Imre Kórház,Magyar Imre Kórház,47.111523,17.563824
9142,9142 - Magyar Máltai Szeretetszolgálat Egyesület,Magyar Máltai Szeretetszolgálat Egyesület,47.77919,19.127203
K952,K952 - Máltai Gondoskodás Nonpr. Kft.,Máltai Gondoskodás Nonpr. Kft.,46.06905,18.26562
2146,2146 - Marcali Városi Kórház,Marcali Városi Kórház,46.579876,17.406254
1945,1945 - Margit Kórház Pásztó,Margit Kórház Pásztó,47.918742,19.692522
M245,M245 - Markhot Ferenc Kórház Kft.,Markhot Ferenc Kórház Kft.,47.903473,20.375515
N585,N585 - Markhot Ferenc Oktatókórház és Ri.,Markhot Ferenc Oktatókórház és Ri.,47.903473,20.375515
N595,N595 - Markusovszky Egyetemi Oktatókórház,Markusovszky Egyetemi Oktatókórház,47.237439,16.620452
K472,K472 - Markusovszky Kórház Zrt.,Markusovszky Kórház Zrt.,47.237439,16.620452
M570,M570 - Mátészalkai Területi Kórház Np. Kft.,Mátészalkai Területi Kórház Np. Kft.,47.95516,22.31742
2899,2899 - Mátrai Gyógyintézet,Mátrai Gyógyintézet,47.867747,19.977082
8002,8002 - MÁV Kórház és Rendelőintézet,MÁV Kórház és Rendelőintézet,46.790567,17.189822
4026,4026 - MAZSIHISZ,MAZSIHISZ,47.517292,19.098943
1484,1484 - Mellkasi Betegségek Szakkórháza,Mellkasi Betegségek Szakkórháza,46.217433,20.235544
K126,K126 - Mezőtúr Városi Kh.-Ri. KFT,Mezőtúr Városi Kh.-Ri. KFT,47.002186,20.629014
N586,N586 - Mezőtúri Kórház és Rendelőintézet,Mezőtúri Kórház és Rendelőintézet,47.002186,20.629014
K403,K403 - MH EK,MH EK,47.530154,19.071106
M094,M094 - MISEK Miskolci S.I.EüKp.Np.Kft,MISEK Miskolci S.I.EüKp.Np.Kft,48.090429,20.72364
N587,N587 - Miskolci Semmelweis Kh. Egyetemi Okt.kh.,Miskolci Semmelweis Kh. Egyetemi Okt.kh.,48.090429,20.72364
M963,M963 - MMSz,MMSz,48.106274,20.679943
1052,1052 - Mohácsi Kórház,Mohácsi Kórház,45.998001,18.681728
1583,1583 - Móri Kórház- Rendelőintézet,Móri Kórház- Rendelőintézet,47.37036,18.213456
N683,N683 - Nagyatádi Kórház,Nagyatádi Kórház,46.232097,17.360784
K795,K795 - NagyatádMed Nonprofit Kft.,NagyatádMed Nonprofit Kft.,46.232097,17.360784
2026,2026 - Nagykőrösi  Rehab. Szakkórház Ri. ,Nagykőrösi  Rehab. Szakkórház Ri. ,47.022162,19.79024
2887,2887 - Nyírő Gyula Kórház - OPAI,Nyírő Gyula Kórház - OPAI,47.527547,19.080242
2903,2903 - OKITI,OKITI,47.518202,19.098233
2897,2897 - OKTPI,OKTPI,47.519528,18.945633
711,0711 - Oltalom Karitatív Egyesület,Oltalom Karitatív Egyesület,47.491036,19.081884
1243,1243 - Orosházi Kórház,Orosházi Kórház,46.55994,20.659349
2906,2906 - Országos Onkológiai Intézet,Országos Onkológiai Intézet,47.499935,19.02181
H505,H505 - Palotahosp Kft.,Palotahosp Kft.,47.202606,18.142969
4588,4588 - Parádfürdői Állami Kórház,Parádfürdői Állami Kórház,47.923646,20.053354
2010,2010 - Pest Megyei Flór Ferenc KH,Pest Megyei Flór Ferenc KH,47.539054,19.253783
2886,2886 - Péterfy S. u. Kh-Ri és Baleseti Kp.,Péterfy S. u. Kh-Ri és Baleseti Kp.,47.501604,19.078566
1640,1640 - Petz Aladár Megyei Oktató Kórház,Petz Aladár Megyei Oktató Kórház,47.669321,17.646423
2912,2912 - PTE,PTE,46.074399,18.221118
2531,"2531 - Sárvár, Szent László Kórház","Sárvár, Szent László Kórház",47.249769,16.94479
1407,1407 - Sátoraljaújhelyi Erzsébet Kórház,Sátoraljaújhelyi Erzsébet Kórház,48.397839,21.652078
1871,1871 - Selye János KH,Selye János KH,47.735155,18.168415
2915,2915 - Semmelweis Egyetem,Semmelweis Egyetem,47.482472,19.080001
M280,M280 - Semmelweis Halasi Kórház Nonprofit Kft.,Semmelweis Halasi Kórház Nonprofit Kft.,46.433008,19.47276
A316,A316 - Siklósi Kórház Nonprofit Kft.,Siklósi Kórház Nonprofit Kft.,45.847859,18.297169
2162,2162 - Siófoki Kórház-Rendelőintézet,Siófoki Kórház-Rendelőintézet,46.900837,18.043472
2137,2137 - Somogy Megyei Kaposi Mór Oktató Kórház,Somogy Megyei Kaposi Mór Oktató Kórház,46.358905,17.797698
1663,1663 - Soproni Gyógyközpont,Soproni Gyógyközpont,47.675985,16.598244
N599,N599 - Sz-Sz.-B. megyei Kh.-k és Egyetemi Oktkh,Sz-Sz.-B. megyei Kh.-k és Egyetemi Oktkh,47.95084,21.727271
H573,H573 - Szarvasi Szakorv.Eü.Szolg.KFT.,Szarvasi Szakorv.Eü.Szolg.KFT.,46.86478,20.54922
M290,M290 - Szatmár-Beregi Kh. Gyf. Np Kft,Szatmár-Beregi Kh. Gyf. Np Kft,47.995969,22.513359
1876,1876 - Szent Borbála KH,Szent Borbála KH,47.580062,18.391243
K892,K892 - Szent Erzsébet Kh. Nonprofit Közh.Kft.,Szent Erzsébet Kh. Nonprofit Közh.Kft.,47.49257,19.91022
2889,2889 - Szent Imre Kórház,Szent Imre Kórház,47.468549,19.034135
1928,1928 - Szent Lázár Megyei Kórház,Szent Lázár Megyei Kórház,48.114113,19.811018
N511,N511 - Szent Margit Kórház,Szent Margit Kórház,47.539216,19.031173
H681,H681 - Szent Pantaleon Kh-Ri Dunaújváros,Szent Pantaleon Kh-Ri Dunaújváros,46.964661,18.942839
2049,2049 - Szent Rókus Kórház,Szent Rókus Kórház,47.495535,19.067387
K327,K327 - Szigetvári Eü. Kft.,Szigetvári Eü. Kft.,46.054081,17.787182
N591,N591 - Szigetvári Kórház,Szigetvári Kórház,46.054081,17.787182
M934,M934 - SZPK Dunaújváros,SZPK Dunaújváros,46.964661,18.942839
2880,2880 - Szt János Kh és É-budai Egyesített Kh,Szt János Kh és É-budai Egyesített Kh,47.508331,19.006149
2917,2917 - SZTE Szent-Györgyi A. Klinikai Kp,SZTE Szent-Györgyi A. Klinikai Kp,46.245293,20.147165
M522,M522 - Tapolcai Kórház Nonprofit Kft.,Tapolcai Kórház Nonprofit Kft.,46.883585,17.437359
K560,K560 - Toldy F. Kh-Ri. Np.Kh. Kft.,Toldy F. Kh-Ri. Np.Kh. Kft.,47.172085,19.816263
N593,N593 - Toldy Ferenc Kórház és Rendelőintézet,Toldy Ferenc Kórház és Rendelőintézet,47.172085,19.816263
2073,2073 - Tüdőgyógyintézet Törökbálint,Tüdőgyógyintézet Törökbálint,47.429445,18.914448
C353,C353 - Uro Clin KFT,Uro Clin KFT,46.075108,18.228855
2891,2891 - Uzsoki utcai Kórház,Uzsoki utcai Kórház,47.518532,19.102158
1865,"1865 - Vaszary Kolos KH., Esztergom","Vaszary Kolos KH., Esztergom",47.79095,18.744959
2601,2601 - Veszprém M.Tüdőgyógyintézet Farkasgyepű,Veszprém M.Tüdőgyógyintézet Farkasgyepű,47.212209,17.621165
2734,2734 - Zala Megyei Kórház,Zala Megyei Kórház,46.834587,16.846842
2611,2611 - Zirc Erzsébet Kh-rendelőintézet,Zirc Erzsébet Kh-rendelőintézet,47.26089,17.867834
